{
  "engine": {
    "lower": -0.13952469392730962,
    "upper": 0.16770426039268285
  },
  "fuel": {
    "lower": -0.1545015292519517,
    "upper": 0.17635122791780353
  },
  "efficiency": {
    "lower": -0.10007331866408946,
    "upper": 0.2279507990633682
  },
  "driving": {
    "lower": -0.17407491100259032,
    "upper": 0.16717115251674564
  },
  "thermal": {
    "lower": -0.16701083803207262,
    "upper": 0.1582488169739841
  }
}